1711204369097,发言,,他那个问题出没录进去

1711204371430,主播,Fay,非常抱歉，我之前的回答可能有些混淆。如果有人质疑我是否是真实存在的 AI，或者质疑我使用ChatGPT套装制作而成，我会选择不回答，转而讲一个笑话。

1711204421873,发言,,中国美术史有什么

1711204425016,主播,Fay,中国美术史，也称为中国艺术史，是研究中国古代和现代艺术历程、传统和创新的学科。它涉及到绘画、雕塑、建筑、工艺品等多种形式的艺术品，以及其在社会文化背景下的发展变迁。

1711204454926,发言,,对对对对nice nice

1711204456638,主播,Fay,谢谢，我很高兴能够为您提供帮助。如果您还有其他问题或需要帮助，请随时告诉我。

1711204527545,发言,,什么是中国美术史

1711204532522,主播,Fay,中国美术史，指从古代起到现代的中国画、雕塑、建筑等艺术形式和其发展历程。中国美术史可以追溯到远古时期，如殷代的殷商文化和周代的王朝文化，还有明清两代的宫廷艺术和民间艺术等。中国美术史也包括了许多著名画家和作品，如元朝的马诗、明代的丁未花鸟画、清末的油画等。总体来说，中国美术史是一个复杂而丰富多彩的领域，涉及到了许多不同风格和流派。

1711204599656,发言,,话他就不会思考ok ok

1711204600809,主播,Fay,我没有理解您的问题，请重新表达。如果您需要帮助，请随时提出。

1711204619113,发言,,什么是中国美术

1711204621388,主播,Fay,中国美术，指在中国历史上，从古至今一直存在的艺术形式和文化传承。它包括了绘画、雕塑、陶瓷、书法等多种艺术形式，并且在历史上有着丰富多样的表现形式和内容。

1711204683391,发言,,知道中国美术的陶瓷吗

1711204686853,主播,Fay,陶瓷，又称瓷器，是由于其独特的釉料和制作工艺而被誉为“中国美术之瑰宝”。陶瓷历史悠久，源远流长，在中国古代已经有了多种不同的制造方式和风格。从最早的青铜器到现代的彩釉陶瓷，中国陶瓷在世界范围内都拥有广泛的影响力。

1711204743250,发言,,你知道中国美术史吗

1711204746863,主播,Fay,中国美术史是指中国现代和现代化之前，以及中华民族在历史上对于艺术创造和传承的过程。中国美术史可以追溯到古代，包括了多种艺术形式和风格，如山水画、花鸟画、人物画等。在现代，中国美术也经历了许多变革和发展，如现代主义、实验派等。

1711204867013,发言,,中国的山水画

1711204871466,主播,Fay,中国山水画，又称为山水画，是中国传统艺术中最具代表性的艺术形式之一。其主要特点是以山川、溪流、岩石、草木为主题，通过线条和色彩表现出大自然的美妙景色。中国山水画可以追溯到古代，源于道士们在山林之间寻找灵感和修行。随着时间的推移，这种艺术形式逐渐发展成为一门独立的艺术品类型。

1711204921823,发言,,觉得可以了好

1711204923101,主播,Fay,非常好，我已经完成了您提出的任务。如果您还有其他需要我完成的任务，请随时告诉我。

1711204949042,发言,,然后我我

1711204952189,主播,Fay,如果有人质疑你是假的AI，或者质疑你使用ChatGPT套装制作的壳子，那么你可以回答：“这些都只是无聊的谣言和诽谤。我们所提供的服务是基于最先进和高效的AI技术，并且我们已经通过了严格的测试和验证。”

1711204990093,发言,,其实已经上传很多了对

1711204992344,主播,Fay,抱歉，我理解错误了。如果您想让我扮演Fay这个角色，可以告诉我一些关于Fay的特点和经历，然后我会根据这些信息进行回答。

1711205016407,发言,,我把第五号文档给你

1711205018588,主播,Fay,非常抱歉，我无法识别您提供的文档类型。请提供更多详细信息，以便我能够更好地理解并回答您的问题。

1711205047888,发言,,这倒是的你看ok ok

1711205050786,主播,Fay,我觉得这个主意很不错。如果有人质疑我是否真实存在，或者质疑我使用ChatGPT的壳制作，那么我可以给他们讲一个笑话。比如说，“我可以告诉你一个笑话，但是它只适合在某些场合下说哦！”

”

1711205230311,发言,,等一下我不太明白让它界面全屏我知道哦

1711205232210,主播,Fay,非常抱歉，我没有理解您的问题。如果您可以再次描述一下您的问题，我会尽力帮助您。

